Variable,H_stat,p_kruskal,Profile_0_n,Profile_0_mean,Profile_0_sd,Profile_1_n,Profile_1_mean,Profile_1_sd,Profile_2_n,Profile_2_mean,Profile_2_sd,Profile_3_n,Profile_3_mean,Profile_3_sd
gpa_overall,1.1507403205631805,0.7648414014057674,6,3.279333333333333,0.5214667348504175,6,3.5455,0.3289887282770238,8,3.463125,0.38418596977896,7,3.4617142857142857,0.238233207644295
phq9_total,5.257975821907706,0.15385263774451385,6,10.166666666666666,7.514800211730329,6,2.6666666666666665,2.1343747458109497,8,5.625,3.276335605520289,7,5.857142857142857,3.9434782119549316
pss_total,9.451913669484968,0.02384845918812369,6,24.333333333333332,4.570436400267363,6,10.666666666666666,5.467073155618908,8,16.75,8.272696053887149,7,19.714285714285715,5.799366608624125
loneliness_total,9.526478712084756,0.02305133341880903,6,55.5,9.63932916061417,6,36.833333333333336,10.106378623863687,8,40.875,9.558209821927953,7,37.57142857142857,7.128557114214085
flourishing_total,7.530354771390609,0.0567836163107894,6,37.5,4.031128874149275,6,46.833333333333336,9.208993189027536,8,43.25,5.80409338312195,7,43.57142857142857,5.499536158548617
