Trait,Mediator,N,a (X→M),b (M→Y|X),c (total),c' (direct),ab (indirect),ab_CI_lo,ab_CI_hi,p_indirect,R²,sig
extraversion,social_isolation_index,27,0.23834985448500043,0.27206150695031134,0.18460121404523372,0.11975539345265716,0.06484582059257664,-0.02261988283747623,0.26569477699708677,0.3858,0.10389009134272376,
agreeableness,social_isolation_index,27,0.20812344034009675,0.27304181082856605,0.1892640384204593,0.13243763739412823,0.05682640102633105,-0.020523359970052883,0.3527945856324838,0.337,0.10714346684615794,
conscientiousness,social_isolation_index,27,0.4389605193674846,0.07245540787522921,0.5515551767783631,0.5197501133064695,0.03180506347189355,-0.12401269011596666,0.25187205876919233,0.7842,0.30845133709892614,
neuroticism,social_isolation_index,27,-0.48912264997143506,0.10952023978460776,-0.444237607525566,-0.3906687776166116,-0.05356882990895434,-0.3473466112967514,0.10905871121652971,0.5474,0.2064721153247021,
openness,social_isolation_index,27,0.0005008388110039502,0.30062508091234075,-0.039569517597071426,-0.039720082305153545,0.00015056470808210305,-0.21077913139716792,0.1686356617201847,1.0,0.091941163326685,
