Model,Accuracy,Sensitivity,Specificity,Precision,F1-Score,AUC-ROC,PR-AUC
Logistic,0.8695652173913043,0.25,0.9285714285714286,0.25,0.25,0.7678571428571428,0.24972943722943722
Random Forest,0.9130434782608695,0.0,1.0,0.0,0.0,0.9761904761904762,0.8166666666666667
Xgboost,1.0,1.0,1.0,1.0,1.0,1.0,1.0
GNN,0.9130434782608695,0.0,1.0,0.0,0.0,0.5,0.08695652173913043
