{
  "timestamp": "2025-12-28T00:53:47.995320",
  "n_samples": 46,
  "n_features": 50,
  "n_models": 4,
  "models_evaluated": [
    "Logistic",
    "Random Forest",
    "Xgboost",
    "GNN"
  ],
  "best_models": {
    "Accuracy": {
      "model": "Random Forest",
      "value": 0.9130434782608695
    },
    "Sensitivity": {
      "model": "GNN",
      "value": 1.0
    },
    "Specificity": {
      "model": "Random Forest",
      "value": 1.0
    },
    "F1-Score": {
      "model": "Logistic",
      "value": 0.25
    },
    "AUC-ROC": {
      "model": "Logistic",
      "value": 0.7619047619047619
    }
  },
  "metrics": {
    "Accuracy": {
      "Logistic": 0.8695652173913043,
      "Random Forest": 0.9130434782608695,
      "Xgboost": 0.9130434782608695,
      "GNN": 0.08695652173913043
    },
    "Sensitivity": {
      "Logistic": 0.25,
      "Random Forest": 0.0,
      "Xgboost": 0.0,
      "GNN": 1.0
    },
    "Specificity": {
      "Logistic": 0.9285714285714286,
      "Random Forest": 1.0,
      "Xgboost": 1.0,
      "GNN": 0.0
    },
    "Precision": {
      "Logistic": 0.25,
      "Random Forest": 0.0,
      "Xgboost": 0.0,
      "GNN": 0.08695652173913043
    },
    "F1-Score": {
      "Logistic": 0.25,
      "Random Forest": 0.0,
      "Xgboost": 0.0,
      "GNN": 0.16
    },
    "AUC-ROC": {
      "Logistic": 0.7619047619047619,
      "Random Forest": 0.5416666666666667,
      "Xgboost": 0.5773809523809523,
      "GNN": 0.5
    },
    "PR-AUC": {
      "Logistic": 0.23583333333333334,
      "Random Forest": 0.16054460043582325,
      "Xgboost": 0.13895790200138025,
      "GNN": 0.08695652173913043
    }
  }
}