Model,extraversion,agreeableness,conscientiousness,neuroticism,openness
Elastic Net,0.011182462381493993,0.0,0.046362402085378666,0.0,0.0
Ridge,0.00979983831240684,0.0026433275914710674,0.02678294549995096,0.003549218309947441,0.004422492589479961
Random Forest,0.012008861732006828,0.014176599825219094,0.05340998600358163,0.002509829943332332,0.010709210407117985
SVR,0.017757450876952668,0.016648038056023853,0.03697621335175252,0.007791462811978162,0.01170081961318448
