{
  "logistic": {
    "cv_metrics": {
      "roc_auc": [
        0.2222222222222222,
        NaN,
        0.75,
        0.75,
        0.875
      ],
      "pr_auc": [
        0.125,
        0.0,
        0.3333333333333333,
        0.3333333333333333,
        0.5
      ],
      "sensitivity": [
        0.0,
        0.0,
        0.0,
        0.0,
        1.0
      ],
      "specificity": [
        1.0,
        1.0,
        1.0,
        1.0,
        0.875
      ],
      "f1_score": [
        0.0,
        0.0,
        0.0,
        0.0,
        0.6666666666666666
      ],
      "balanced_accuracy": [
        0.5,
        1.0,
        0.5,
        0.5,
        0.9375
      ]
    },
    "permutation_test": {
      "true_auc": NaN,
      "p_value": 0.000999000999000999,
      "permuted_scores_mean": NaN,
      "permuted_scores_std": NaN
    },
    "optimal_threshold": 0.00015331602186916852,
    "optimized_metrics": {
      "accuracy": 0.15217391304347827,
      "balanced_accuracy": 0.5357142857142857,
      "sensitivity": 1.0,
      "recall": 1.0,
      "specificity": 0.07142857142857142,
      "precision": 0.09302325581395349,
      "f1_score": 0.1702127659574468,
      "true_positives": 4,
      "true_negatives": 3,
      "false_positives": 39,
      "false_negatives": 0,
      "roc_auc": 0.6309523809523809,
      "pr_auc": 0.2402887809864554,
      "threshold": 0.00015331602186916852
    }
  },
  "random_forest": {
    "cv_metrics": {
      "roc_auc": [
        0.11111111111111116,
        NaN,
        0.875,
        0.375,
        0.875
      ],
      "pr_auc": [
        0.1111111111111111,
        0.0,
        0.5,
        0.16666666666666666,
        0.5
      ],
      "sensitivity": [
        0.0,
        0.0,
        0.0,
        0.0,
        0.0
      ],
      "specificity": [
        1.0,
        1.0,
        1.0,
        1.0,
        1.0
      ],
      "f1_score": [
        0.0,
        0.0,
        0.0,
        0.0,
        0.0
      ],
      "balanced_accuracy": [
        0.5,
        1.0,
        0.5,
        0.5,
        0.5
      ]
    },
    "permutation_test": {
      "true_auc": NaN,
      "p_value": 0.000999000999000999,
      "permuted_scores_mean": NaN,
      "permuted_scores_std": NaN
    },
    "optimal_threshold": 0.046338011541242966,
    "optimized_metrics": {
      "accuracy": 0.15217391304347827,
      "balanced_accuracy": 0.5357142857142857,
      "sensitivity": 1.0,
      "recall": 1.0,
      "specificity": 0.07142857142857142,
      "precision": 0.09302325581395349,
      "f1_score": 0.1702127659574468,
      "true_positives": 4,
      "true_negatives": 3,
      "false_positives": 39,
      "false_negatives": 0,
      "roc_auc": 0.5416666666666667,
      "pr_auc": 0.16054460043582325,
      "threshold": 0.046338011541242966
    }
  },
  "xgboost": {
    "cv_metrics": {
      "roc_auc": [
        0.33333333333333337,
        NaN,
        0.5,
        0.5,
        0.875
      ],
      "pr_auc": [
        0.14285714285714285,
        0.0,
        0.2,
        0.2,
        0.5
      ],
      "sensitivity": [
        0.0,
        0.0,
        0.0,
        0.0,
        0.0
      ],
      "specificity": [
        1.0,
        1.0,
        1.0,
        1.0,
        1.0
      ],
      "f1_score": [
        0.0,
        0.0,
        0.0,
        0.0,
        0.0
      ],
      "balanced_accuracy": [
        0.5,
        1.0,
        0.5,
        0.5,
        0.5
      ]
    },
    "permutation_test": {
      "true_auc": NaN,
      "p_value": 0.000999000999000999,
      "permuted_scores_mean": NaN,
      "permuted_scores_std": NaN
    },
    "optimal_threshold": 0.0136794438585639,
    "optimized_metrics": {
      "accuracy": 0.32608695652173914,
      "balanced_accuracy": 0.6309523809523809,
      "sensitivity": 1.0,
      "recall": 1.0,
      "specificity": 0.2619047619047619,
      "precision": 0.11428571428571428,
      "f1_score": 0.20512820512820512,
      "true_positives": 4,
      "true_negatives": 11,
      "false_positives": 31,
      "false_negatives": 0,
      "roc_auc": 0.5773809523809523,
      "pr_auc": 0.13895790200138025,
      "threshold": 0.0136794438585639
    }
  }
}