{
  "logistic": {
    "cv_metrics": {
      "roc_auc": [
        1.0,
        NaN,
        1.0,
        1.0,
        1.0
      ],
      "pr_auc": [
        1.0,
        0.0,
        1.0,
        1.0,
        1.0
      ],
      "sensitivity": [
        0.0,
        0.0,
        1.0,
        1.0,
        1.0
      ],
      "specificity": [
        1.0,
        1.0,
        1.0,
        1.0,
        0.875
      ],
      "f1_score": [
        0.0,
        0.0,
        1.0,
        1.0,
        0.6666666666666666
      ],
      "balanced_accuracy": [
        0.5,
        1.0,
        1.0,
        1.0,
        0.9375
      ]
    },
    "permutation_test": {
      "true_auc": NaN,
      "p_value": 0.000999000999000999,
      "permuted_scores_mean": NaN,
      "permuted_scores_std": NaN
    },
    "optimal_threshold": 0.3100728784884168,
    "optimized_metrics": {
      "accuracy": 0.9782608695652174,
      "balanced_accuracy": 0.9880952380952381,
      "sensitivity": 1.0,
      "recall": 1.0,
      "specificity": 0.9761904761904762,
      "precision": 0.8,
      "f1_score": 0.8888888888888888,
      "true_positives": 4,
      "true_negatives": 41,
      "false_positives": 1,
      "false_negatives": 0,
      "roc_auc": 0.9940476190476191,
      "pr_auc": 0.95,
      "threshold": 0.3100728784884168
    }
  },
  "random_forest": {
    "cv_metrics": {
      "roc_auc": [
        1.0,
        NaN,
        1.0,
        1.0,
        1.0
      ],
      "pr_auc": [
        1.0,
        0.0,
        1.0,
        1.0,
        1.0
      ],
      "sensitivity": [
        0.0,
        0.0,
        0.0,
        0.0,
        0.0
      ],
      "specificity": [
        1.0,
        1.0,
        1.0,
        1.0,
        1.0
      ],
      "f1_score": [
        0.0,
        0.0,
        0.0,
        0.0,
        0.0
      ],
      "balanced_accuracy": [
        0.5,
        1.0,
        0.5,
        0.5,
        0.5
      ]
    },
    "permutation_test": {
      "true_auc": NaN,
      "p_value": 0.000999000999000999,
      "permuted_scores_mean": NaN,
      "permuted_scores_std": NaN
    },
    "optimal_threshold": 0.18266746003310538,
    "optimized_metrics": {
      "accuracy": 0.9565217391304348,
      "balanced_accuracy": 0.9761904761904762,
      "sensitivity": 1.0,
      "recall": 1.0,
      "specificity": 0.9523809523809523,
      "precision": 0.6666666666666666,
      "f1_score": 0.8,
      "true_positives": 4,
      "true_negatives": 40,
      "false_positives": 2,
      "false_negatives": 0,
      "roc_auc": 0.9761904761904762,
      "pr_auc": 0.8166666666666667,
      "threshold": 0.18266746003310538
    }
  },
  "xgboost": {
    "cv_metrics": {
      "roc_auc": [
        1.0,
        NaN,
        1.0,
        1.0,
        1.0
      ],
      "pr_auc": [
        1.0,
        0.0,
        1.0,
        1.0,
        1.0
      ],
      "sensitivity": [
        1.0,
        0.0,
        1.0,
        1.0,
        1.0
      ],
      "specificity": [
        1.0,
        1.0,
        1.0,
        1.0,
        1.0
      ],
      "f1_score": [
        1.0,
        0.0,
        1.0,
        1.0,
        1.0
      ],
      "balanced_accuracy": [
        1.0,
        1.0,
        1.0,
        1.0,
        1.0
      ]
    },
    "permutation_test": {
      "true_auc": NaN,
      "p_value": 0.000999000999000999,
      "permuted_scores_mean": NaN,
      "permuted_scores_std": NaN
    },
    "optimal_threshold": 0.8315058946609497,
    "optimized_metrics": {
      "accuracy": 1.0,
      "balanced_accuracy": 1.0,
      "sensitivity": 1.0,
      "recall": 1.0,
      "specificity": 1.0,
      "precision": 1.0,
      "f1_score": 1.0,
      "true_positives": 4,
      "true_negatives": 42,
      "false_positives": 0,
      "false_negatives": 0,
      "roc_auc": 1.0,
      "pr_auc": 1.0,
      "threshold": 0.8315058946609497
    }
  }
}