model,cv_roc_auc_mean,cv_roc_auc_std,cv_pr_auc_mean,cv_pr_auc_std,cv_sensitivity_mean,cv_sensitivity_std,cv_specificity_mean,cv_specificity_std,cv_f1_mean,cv_f1_std,permutation_p_value,statistically_significant,optimal_threshold,optimized_sensitivity,optimized_specificity,optimized_f1
logistic,,,0.2583333333333333,0.1755942292142123,0.2,0.4,0.975,0.049999999999999996,0.13333333333333333,0.26666666666666666,0.000999000999000999,True,0.00015331602186916852,1.0,0.07142857142857142,0.1702127659574468
random_forest,,,0.25555555555555554,0.2066786137526475,0.0,0.0,1.0,0.0,0.0,0.0,0.000999000999000999,True,0.046338011541242966,1.0,0.07142857142857142,0.1702127659574468
xgboost,,,0.20857142857142857,0.16303248705928122,0.0,0.0,1.0,0.0,0.0,0.0,0.000999000999000999,True,0.0136794438585639,1.0,0.2619047619047619,0.20512820512820512
