{
  "config": {
    "input_dim": 44,
    "encoder_dims": [
      64,
      32
    ],
    "projection_dim": 32,
    "temperature": 0.5,
    "dropout": 0.2,
    "learning_rate": 0.001,
    "weight_decay": 0.01,
    "augmentation_strength": 0.2,
    "noise_std": 0.1,
    "mixup_alpha": 0.2,
    "cutout_prob": 0.2
  },
  "pretrain_history": {
    "loss": [
      3.3427239259084067,
      3.397307793299357,
      3.250767946243286,
      3.236119349797567,
      3.293496529261271,
      3.3282440503438315,
      3.2188711166381836,
      3.1289084752400718,
      3.270416816075643,
      2.757000128428141,
      3.2542768319447837,
      3.1333324114481607,
      3.3250362078348794,
      3.1967804431915283,
      3.2088080247243247,
      2.5732346375783286,
      2.5294310251871743,
      3.3074951171875,
      2.932120164235433,
      2.7645570437113443,
      2.7217462062835693,
      3.021463394165039,
      3.135964314142863,
      2.7887792587280273,
      2.6347593466440835,
      2.8902852535247803,
      2.923769474029541,
      3.220441977183024,
      3.175968647003174,
      2.570356607437134,
      2.5212366580963135,
      2.8929797808329263,
      2.370302677154541,
      2.978790283203125,
      3.1673890749613443,
      2.3518170515696206,
      3.056382973988851,
      3.4475512504577637,
      3.104088465372721,
      3.2403249740600586,
      2.5126121838887534,
      3.287034193674723,
      2.8994998137156167,
      2.7013045152028403,
      3.1267098585764566,
      2.614262660344442,
      2.9285878340403237,
      2.832675298055013,
      2.684187650680542,
      3.458172082901001,
      2.6325643062591553,
      2.6492080688476562,
      3.2099952697753906,
      3.027427593866984,
      2.7224323749542236,
      2.344316562016805,
      2.7898197174072266,
      2.6492415269215903,
      3.0678231716156006,
      3.0265868504842124,
      3.17047119140625,
      2.950576384862264,
      2.7599637508392334,
      2.7890743414560952,
      3.3186465899149575,
      2.589214642842611,
      3.1271376609802246,
      3.1453142166137695,
      3.0855750242869058,
      3.3247790336608887,
      2.6641793251037598,
      3.232821226119995,
      3.030548652013143,
      2.92967422803243,
      2.8964665730794272,
      2.6354236602783203,
      2.7591985066731772,
      2.756868918736776,
      2.744894504547119,
      2.5779696305592856,
      2.8215854167938232,
      2.855384031931559,
      2.7032881577809653,
      3.159317970275879,
      2.6367897192637124,
      2.727679888407389,
      2.410866896311442,
      2.7988513310750327,
      2.740334987640381,
      3.2797087828318277,
      2.6578801472981772,
      2.966341733932495,
      2.4005900224049888,
      2.6137126286824546,
      2.750690539677938,
      2.4593700567881265,
      2.866281032562256,
      2.5151204268137612,
      2.95235006014506,
      2.5800911585489907,
      2.239962180455526,
      3.540614128112793,
      2.2129992643992105,
      2.780196269353231,
      2.8414623737335205,
      2.9005388418833413,
      2.405412753423055,
      2.4802103837331138,
      2.900996287663778,
      3.1483710606892905,
      3.423053741455078,
      2.7247420152028403,
      2.672979990641276,
      3.062312126159668,
      2.872608025868734,
      3.0990422566731772,
      3.392967700958252,
      2.6937906742095947,
      3.2201143900553384,
      2.690529743830363,
      2.4387706915537515,
      2.3826444149017334,
      3.1824518839518228,
      2.8265023231506348,
      2.834156354268392,
      2.437754233678182,
      2.864194869995117,
      2.2934667269388833,
      2.9615817864735923,
      3.0208182334899902,
      2.4671207269032798,
      2.7095553080240884,
      2.2986675103505454,
      2.930776516596476,
      2.870438814163208,
      2.7096869945526123,
      2.761946121851603,
      2.7471748193105063,
      2.6917996406555176,
      2.7994191646575928,
      2.8991305828094482,
      2.673877000808716,
      2.6772731145222983,
      2.8344473044077554,
      2.2550344467163086,
      3.440087159474691,
      2.9183547496795654,
      2.553883155186971,
      2.780768791834513,
      2.91816775004069,
      2.370646874109904,
      2.852830251057943,
      2.466589609781901,
      3.2015345096588135,
      3.6451573371887207,
      3.026613235473633,
      3.1305695374806723,
      2.6416589419047036,
      2.7669758001963296,
      2.7475191752115884,
      2.53350035349528,
      2.5413522720336914,
      2.932981093724569,
      2.629327932993571,
      2.6487083435058594,
      2.9910812377929688,
      2.7242561181386313,
      2.3502210776011148,
      2.5350964069366455,
      2.9603216648101807,
      2.758587042490641,
      2.7598342100779214,
      2.4765988985697427,
      2.5651928583780923,
      2.917406956354777,
      2.593745549519857,
      2.346244732538859,
      3.30769936243693,
      2.6224899291992188,
      2.6413217385609946,
      3.027678648630778,
      3.044115940729777,
      2.686438957850138,
      3.0932385126749673,
      2.4975458780924478,
      2.4343382517496743,
      2.542475938796997,
      3.2028861840566,
      2.341965119043986,
      2.649867534637451,
      2.6817620595296225,
      2.7719669342041016,
      2.2679692109425864,
      2.6958634853363037,
      2.3779091040293374,
      2.772282679875692,
      3.27336851755778,
      2.987651507059733,
      2.5479235649108887,
      2.826667229334513
    ],
    "epochs": 200
  },
  "cv_metrics": {
    "accuracy": 0.9130434782608695,
    "auc": 0.7380952380952381
  },