{
  "config": {
    "input_dim": 44,
    "encoder_dims": [
      64,
      32
    ],
    "projection_dim": 32,
    "temperature": 0.5,
    "dropout": 0.2,
    "learning_rate": 0.001,
    "weight_decay": 0.01,
    "augmentation_strength": 0.2,
    "noise_std": 0.1,
    "mixup_alpha": 0.2,
    "cutout_prob": 0.2
  },
  "pretrain_history": {
    "loss": [
      3.255351940790812,
      3.2929369608561196,
      3.2162895997365317,
      3.406585454940796,
      2.886802593866984,
      3.219235817591349,
      2.9961768786112466,
      3.1333192189534507,
      3.3278807004292807,
      3.2539397875467935,
      3.329568942387899,
      2.844527324040731,
      3.0076258977254233,
      3.000709851582845,
      3.1533807118733725,
      2.7393076419830322,
      3.1300389766693115,
      2.603670517603556,
      3.1860463619232178,
      3.0263659954071045,
      3.2350920836130777,
      2.997638543446859,
      3.2627131144205728,
      3.0542871952056885,
      2.727381467819214,
      2.8395870526631675,
      2.4980966250101724,
      3.4066540400187173,
      3.3414698441823325,
      2.5705461502075195,
      2.613879362742106,
      2.82229216893514,
      2.712739944458008,
      2.857642571131388,
      3.0800653298695884,
      2.59553329149882,
      2.6177950700124106,
      3.348428726196289,
      3.3892623583475747,
      2.7885894775390625,
      3.08186411857605,
      3.007949193318685,
      2.7164831161499023,
      2.6633553504943848,
      3.1429390112559,
      2.7289214928944907,
      2.4484145641326904,
      2.722548564275106,
      2.9279746214548745,
      2.79117743174235,
      2.7086524168650308,
      2.8784099419911704,
      3.285329818725586,
      3.270735184351603,
      2.820528268814087,
      2.7157227198282876,
      2.7355121771494546,
      2.899458328882853,
      2.614609956741333,
      2.8383235931396484,
      2.8434627850850425,
      3.0691559314727783,
      2.799485921859741,
      2.7099641958872476,
      2.948331435521444,
      2.581509510676066,
      3.296320676803589,
      2.9524741172790527,
      2.965362230936686,
      3.006127913792928,
      2.459287405014038,
      2.7700112660725913,
      3.222795089085897,
      2.5324902534484863,
      3.0859599908192954,
      2.535987297693888,
      2.6074624061584473,
      2.7429723739624023,
      2.9907236893971763,
      2.6817866961161294,
      3.140249570210775,
      3.007115443547567,
      2.778380552927653,
      3.2063540617624917,
      2.735376516977946,
      2.508347272872925,
      2.3384644985198975,
      2.853331963221232,
      3.257606585820516,
      3.1009673277537027,
      3.1768151124318442,
      2.3906054496765137,
      2.406660238901774,
      2.508908987045288,
      2.862268845240275,
      2.6266208489735923,
      2.7778592904408774,
      2.7479167779286704,
      2.4453673362731934,
      2.7151121298472085,
      2.2681778271993003,
      2.864243666330973,
      2.3752499421437583,
      2.6153268019358316,
      2.6417764822642007,
      2.6203130086263022,
      2.36311936378479,
      2.8356555302937827,
      2.9412759145100913,
      2.907862345377604,
      2.716874122619629,
      2.214256683985392,
      2.790200392405192,
      2.4856996536254883,
      2.566021124521891,
      2.540503978729248,
      2.5033747355143228,
      2.503390312194824,
      2.785195748011271,
      3.0501731236775718,
      2.4738028049468994,
      2.406411568323771,
      2.3339908917744956,
      2.484098434448242,
      2.670539935429891,
      2.76348606745402,
      2.555903514226278,
      2.6651618480682373,
      2.787812074025472,
      2.384114623069763,
      2.6691696643829346,
      2.870856841405233,
      2.493675390879313,
      2.820840835571289,
      3.12475315729777,
      2.6583570639292398,
      2.4138033390045166,
      3.1612261136372886,
      3.040559450785319,
      2.4723058541615806,
      3.109684387842814,
      2.204474369684855,
      2.7039602597554526,
      2.9721893469492593,
      2.557191769282023,
      2.7332711219787598,
      2.8320935567220054,
      2.602254867553711,
      2.561874787012736,
      3.0282980600992837,
      2.8927883307139077,
      2.989913543065389,
      2.487464666366577,
      2.920070250829061,
      2.8601578871409097,
      2.7976048787434897,
      2.985724767049154,
      2.652089516321818,
      2.7374276320139566,
      2.8269387086232505,
      2.404087781906128,
      3.131500005722046,
      2.8025824228922525,
      2.6456719239552817,
      2.5381863117218018,
      2.645231088002523,
      2.679535706837972,
      2.3982107639312744,
      2.460724433263143,
      2.928909699122111,
      2.724120537439982,
      2.54702619711558,
      2.7099783420562744,
      2.1881161530812583,
      2.5431625843048096,
      2.6560324827829995,
      2.3032801151275635,
      2.358419974644979,
      2.779203414916992,
      2.408538579940796,
      3.1932144165039062,
      2.909935156504313,
      2.549137830734253,
      2.4327539602915444,
      2.350274642308553,
      2.617850383122762,
      2.6164843241373696,
      3.0095884005228677,
      2.3832475344340005,
      2.156586170196533,
      3.091461102167765,
      2.4454307556152344,
      2.166958491007487,
      3.232123057047526,
      2.9389856656392417,
      2.7846150398254395,
      3.1558342774709067,
      2.8608030478159585,
      2.736236015955607,
      3.037341515223185
    ],
    "epochs": 200
  },
  "cv_metrics": {
    "accuracy": 0.9130434782608695,
    "auc": 0.6309523809523809
  },