{
  "config": {
    "in_channels": 44,
    "hidden_channels": 16,
    "num_layers": 2,
    "heads": 4,
    "dropout": 0.3,
    "learning_rate": 0.001,
    "weight_decay": 0.01,
    "k_neighbors": 5,
    "similarity_metric": "cosine"
  },
  "graph_statistics": {
    "num_nodes": 46,
    "num_edges": 1081,
    "density": 1.0444444444444445,
    "avg_clustering": 1.0,
    "is_connected": true,
    "avg_degree": 47.0,
    "max_degree": 47.0,
    "min_degree": 47.0
  },
  "loocv_metrics": {
    "accuracy": 0.6739130434782609,
    "auc": 0.4523809523809524
  },
  "training_history": {
    "train_loss": [
      0.6151177883148193,
      0.6689136624336243,
      0.7339255213737488,
      0.6129129528999329,
      0.5849926471710205,
      0.6335665583610535,
      0.6025309562683105,
      0.49146801233291626,
      0.530409038066864,
      0.5386772751808167,
      0.5700126886367798,
      0.4293348789215088,
      0.4406067430973053,
      0.5218241214752197,
      0.4796465039253235,
      0.4706152081489563,
      0.5204979181289673,
      0.42329853773117065,
      0.45168736577033997,
      0.4496641457080841,
      0.3677108883857727,
      0.43173566460609436,
      0.3904140293598175,
      0.45175495743751526,
      0.4333384037017822,
      0.3588699996471405,
      0.3784034848213196,
      0.40207165479660034,
      0.38401585817337036,
      0.47812676429748535,
      0.399285227060318,
      0.4149346947669983,
      0.5169178247451782,
      0.3842892348766327,
      0.4459746778011322,
      0.5048934817314148,
      0.3552567958831787,
      0.379608154296875,
      0.42930030822753906,
      0.35271164774894714,
      0.42522844672203064,
      0.4675470292568207,
      0.4285382032394409,
      0.32455378770828247,
      0.37229132652282715,
      0.3131072521209717,
      0.3150647282600403,
      0.4917522072792053,
      0.28924399614334106,
      0.28360995650291443,
      0.3891603350639343,
      0.3341323137283325,
      0.3557450771331787,
      0.3548210859298706,
      0.41177380084991455,
      0.35124027729034424,
      0.36956101655960083,
      0.34026646614074707,
      0.35885152220726013,
      0.3757603168487549,
      0.3162873387336731,
      0.32649296522140503,
      0.3590097725391388,
      0.49564066529273987,
      0.3637550175189972,
      0.33378052711486816,
      0.33008459210395813,
      0.3188278377056122,
      0.32436519861221313,
      0.4389544427394867,
      0.35097208619117737,
      0.3606188893318176,
      0.30124232172966003,
      0.39751675724983215,
      0.37814173102378845,
      0.3482126295566559,
      0.24430204927921295,
      0.38354817032814026,
      0.32301169633865356,
      0.33150628209114075,
      0.36367398500442505,
      0.3658609092235565,
      0.3370509445667267,
      0.5329195857048035,
      0.3573503792285919,
      0.3078889548778534,
      0.33419525623321533,
      0.3155497610569,
      0.36403584480285645,
      0.40948668122291565,
      0.36073368787765503,
      0.34050580859184265,
      0.3158888518810272,
      0.2893902361392975,
      0.4370492100715637,
      0.41650253534317017,
      0.30688077211380005,
      0.29140523076057434,
      0.3102785646915436,
      0.2949049174785614,
      0.369632750749588,
      0.39529934525489807,
      0.3486430048942566,
      0.398296594619751,
      0.27860477566719055,
      0.3582767844200134,
      0.30287209153175354,
      0.3471335172653198,
      0.33901605010032654,
      0.2885544002056122,
      0.3788605034351349,
      0.359281450510025,
      0.2915031611919403,
      0.5101104378700256,
      0.3549608290195465,
      0.45794254541397095,
      0.3137039542198181,
      0.32798513770103455,
      0.37397074699401855,
      0.34648430347442627,
      0.30935946106910706,
      0.3291488587856293,
      0.289692759513855,
      0.3270474374294281,
      0.35171276330947876,
      0.35291042923927307,
      0.3042145073413849,
      0.37629178166389465,
      0.33677345514297485,
      0.2607429027557373,
      0.3640049695968628,
      0.34446972608566284,
      0.2971993684768677,
      0.3205922842025757,
      0.3427724838256836,
      0.3459509611129761,
      0.39578577876091003,
      0.32586905360221863,
      0.33429187536239624,
      0.3800576627254486,
      0.29837825894355774,
      0.26092055439949036,
      0.4131624102592468,
      0.2857483923435211,
      0.3203587830066681,
      0.37011030316352844,
      0.30302655696868896,
      0.3330709636211395,
      0.3360970914363861,
      0.29524508118629456,
      0.4183574616909027,
      0.3493174612522125,
      0.2981540262699127,
      0.5208897590637207,
      0.298371821641922,
      0.31763824820518494,
      0.36057451367378235,
      0.4412303566932678,
      0.23552826046943665,
      0.3371904194355011,
      0.2998575270175934,
      0.2798488140106201,
      0.3562989830970764,
      0.34574100375175476,
      0.3591157793998718,
      0.23120462894439697,
      0.28853607177734375,
      0.3589659035205841,
      0.3079441785812378,
      0.3305092751979828,
      0.32925042510032654,
      0.3089172840118408,
      0.37754955887794495,
      0.3871680498123169,
      0.2767646312713623,
      0.3987962603569031,
      0.32893607020378113,
      0.531710147857666,
      0.3356216251850128,
      0.31421786546707153,
      0.38786718249320984,
      0.3101882040500641,
      0.2854870855808258,
      0.2940635681152344,
      0.3080967962741852,
      0.3459824025630951,
      0.3204652667045593,
      0.2840888500213623,
      0.35760214924812317,
      0.32188063859939575,
      0.3364282548427582,
      0.31441187858581543,
      0.3504822254180908,
      0.3336254060268402,
      0.3983898162841797,
      0.3390369117259979,
      0.3697872459888458,
      0.38689541816711426,
      0.2584046423435211,
      0.3919071555137634
    ],
    "epochs_trained": 200
  }
}