{
  "config": {
    "in_channels": 44,
    "hidden_channels": 16,
    "num_layers": 2,
    "heads": 4,
    "dropout": 0.3,
    "learning_rate": 0.001,
    "weight_decay": 0.01,
    "k_neighbors": 5,
    "similarity_metric": "cosine"
  },
  "graph_statistics": {
    "num_nodes": 46,
    "num_edges": 1081,
    "density": 1.0444444444444445,
    "avg_clustering": 1.0,
    "is_connected": true,
    "avg_degree": 47.0,
    "max_degree": 47.0,
    "min_degree": 47.0
  },
  "loocv_metrics": {
    "accuracy": 0.8695652173913043,
    "auc": 0.36904761904761907
  },
  "training_history": {
    "train_loss": [
      0.7994524836540222,
      0.736946165561676,
      0.8522297143936157,
      0.7866700291633606,
      0.6790701746940613,
      0.7222887873649597,
      0.7284244298934937,
      0.5884143114089966,
      0.5910707712173462,
      0.5945139527320862,
      0.6113561987876892,
      0.5342206954956055,
      0.524834930896759,
      0.5607204437255859,
      0.4853419065475464,
      0.47911959886550903,
      0.5420699715614319,
      0.42031553387641907,
      0.43477001786231995,
      0.4235926568508148,
      0.3461422324180603,
      0.3528940677642822,
      0.4404614567756653,
      0.4505614936351776,
      0.3968624174594879,
      0.33127063512802124,
      0.4479598104953766,
      0.32638970017433167,
      0.3877292275428772,
      0.44604915380477905,
      0.3637772500514984,
      0.3247245252132416,
      0.3405754864215851,
      0.37524718046188354,
      0.3718918561935425,
      0.28327250480651855,
      0.3708874583244324,
      0.34568747878074646,
      0.474936306476593,
      0.3061116337776184,
      0.45935532450675964,
      0.3701658546924591,
      0.4066005349159241,
      0.39305663108825684,
      0.266343891620636,
      0.3819115161895752,
      0.3505264222621918,
      0.38660719990730286,
      0.3062871992588043,
      0.503995418548584,
      0.3313867151737213,
      0.327775776386261,
      0.30216994881629944,
      0.377759724855423,
      0.3479446768760681,
      0.23602361977100372,
      0.42627575993537903,
      0.44555601477622986,
      0.46659159660339355,
      0.384357750415802,
      0.3615688979625702,
      0.3340206742286682,
      0.3979472219944,
      0.37697529792785645,
      0.3476286828517914,
      0.2657305598258972,
      0.2802276909351349,
      0.2920715808868408,
      0.2620713710784912,
      0.33383995294570923,
      0.411042183637619,
      0.33103370666503906,
      0.3647419512271881,
      0.3320945203304291,
      0.3649543225765228,
      0.2773911654949188,
      0.32332661747932434,
      0.3707753121852875,
      0.33957570791244507,
      0.2547530233860016,
      0.48394471406936646,
      0.35707879066467285,
      0.3526928126811981,
      0.33270493149757385,
      0.33723461627960205,
      0.4284491240978241,
      0.33843666315078735,
      0.36453762650489807,
      0.3705694079399109,
      0.39088013768196106,
      0.39364561438560486,
      0.41460123658180237,
      0.37674522399902344,
      0.36499688029289246,
      0.39189812541007996,
      0.3663288950920105,
      0.46702441573143005,
      0.3869703412055969,
      0.31352663040161133,
      0.3041991591453552,
      0.3099876940250397,
      0.4601150155067444,
      0.37348029017448425,
      0.4061518609523773,
      0.3736991882324219,
      0.3105795979499817,
      0.33520546555519104,
      0.2695079743862152,
      0.3714413344860077,
      0.38596436381340027,
      0.34068813920021057,
      0.3764525353908539,
      0.3763084411621094,
      0.30295640230178833,
      0.3288933336734772,
      0.33687132596969604,
      0.26112258434295654,
      0.4017339050769806,
      0.4042230248451233,
      0.36821457743644714,
      0.363753080368042,
      0.26524993777275085,
      0.3391473889350891,
      0.35925716161727905,
      0.30320075154304504,
      0.372389018535614,
      0.3688673675060272,
      0.35623911023139954,
      0.2924017012119293,
      0.3107926845550537,
      0.29112765192985535,
      0.28025344014167786,
      0.2959895431995392,
      0.35791197419166565,
      0.3187961280345917,
      0.33434730768203735,
      0.27380576729774475,
      0.4755365252494812,
      0.33981332182884216,
      0.40567418932914734,
      0.37183356285095215,
      0.3346763253211975,
      0.3370833396911621,
      0.3026960492134094,
      0.3630024492740631,
      0.33234381675720215,
      0.29934394359588623,
      0.282181978225708,
      0.4400753676891327,
      0.36711585521698,
      0.29908448457717896,
      0.31356269121170044,
      0.3190174400806427,
      0.3642670512199402,
      0.3556850254535675,
      0.3455459773540497,
      0.30960848927497864,
      0.3083118200302124,
      0.4011603593826294,
      0.2868576943874359,
      0.3148980438709259,
      0.3375951647758484,
      0.2891911566257477,
      0.3431895971298218,
      0.3543122410774231,
      0.28523319959640503,
      0.3643888831138611,
      0.2902533710002899,
      0.3334048092365265,
      0.36366575956344604,
      0.325330913066864,
      0.35987886786460876,
      0.2704765498638153,
      0.40845564007759094,
      0.36247262358665466,
      0.3594396710395813,
      0.308014839887619,
      0.30654650926589966,
      0.3434903919696808,
      0.3732646107673645,
      0.2375805526971817,
      0.2819959819316864,
      0.2983732521533966,
      0.30696073174476624,
      0.3430197834968567,
      0.39873695373535156,
      0.36166977882385254,
      0.33060383796691895,
      0.3248927593231201,
      0.242422416806221,
      0.3086421489715576,
      0.2839878797531128,
      0.34460246562957764,
      0.40279513597488403,
      0.2961210310459137,
      0.382983922958374,
      0.3538149893283844,
      0.348418265581131,
      0.3503236770629883,
      0.37660160660743713
    ],
    "epochs_trained": 200
  }
}