{
  "config": {
    "modality_dims": [
      11,
      10,
      11,
      12
    ],
    "d_model": 16,
    "nhead": 4,
    "num_layers": 2,
    "dim_feedforward": 64,
    "dropout": 0.2,
    "learning_rate": 0.001,
    "weight_decay": 0.01
  },
  "modality_structure": {
    "GPS/Location": 11,
    "App Usage": 10,
    "Communication": 11,
    "Activity/Motion": 18
  },
  "cv_metrics": {
    "accuracy": 0.9130434782608695,
    "auc": 0.3273809523809524
  },
  "training_history": {
    "train_loss": [
      0.6287846366564432,
      0.6097961862881979,
      0.5787768562634786,
      0.5524728298187256,
      0.5278043150901794,
      0.48188120126724243,
      0.4440072476863861,
      0.39124037822087604,
      0.379316786924998,
      0.327487975358963,
      0.3353515366713206,
      0.337784339984258,
      0.2954159826040268,
      0.37166208028793335,
      0.2782676580051581,
      0.27936671177546185,
      0.3463604599237442,
      0.30763394633928937,
      0.35801273336013156,
      0.29475487023591995,
      0.34110098083813983,
      0.2997389535109202,
      0.3128722757101059,
      0.3045709679524104,
      0.30293672283490497,
      0.28260082254807156,
      0.311712125937144,
      0.2895575116078059,
      0.2979170580705007,
      0.3442205339670181,
      0.2860419948895772,
      0.3357973247766495,
      0.32419338822364807,
      0.3237706919511159,
      0.2994357844193776,
      0.3316807448863983,
      0.31445961942275363,
      0.3279195527235667,
      0.32487284392118454,
      0.2729421406984329,
      0.295714611808459,
      0.3203348219394684,
      0.307755708694458,
      0.27060721317927044,
      0.31749070684115094,
      0.3247394412755966,
      0.3195756177107493,
      0.28474993507067364,
      0.2981404662132263,
      0.31426386038462323,
      0.29015342394510907,
      0.28111783663431805,
      0.31093956033388775,
      0.29677395274241763,
      0.3039576808611552,
      0.33655498425165814,
      0.3067418783903122,
      0.25656964629888535,
      0.3262616793314616,
      0.3499261563022931,
      0.2778550113240878,
      0.3307219793399175,
      0.3103809555371602,
      0.30713863174120587,
      0.3085118184487025,
      0.26923974851767224,
      0.28666527072588605,
      0.27423932403326035,
      0.32637790342171985,
      0.34947893023490906,
      0.2861236706376076,
      0.31854937473932904,
      0.31930472950140637,
      0.33819400270779926,
      0.28259434551000595,
      0.30099524557590485,
      0.2922531416018804,
      0.31814031799634296,
      0.31453971068064374,
      0.33264105518658954,
      0.2987166295448939,
      0.31347185373306274,
      0.31903790930906933,
      0.3068591852982839,
      0.28710537155469257,
      0.3219054440657298,
      0.2968284363547961,
      0.2909335220853488,
      0.2918584744135539,
      0.35187267263730365,
      0.2799070179462433,
      0.29375778635342914,
      0.3068089683850606,
      0.28756121297677356,
      0.2893672486146291,
      0.33370604862769443,
      0.2928070028622945,
      0.3069509491324425,
      0.29289189726114273,
      0.30922621488571167,
      0.2922274321317673,
      0.2890736957391103,
      0.3265439396103223,
      0.3283228278160095,
      0.2963438779115677,
      0.2684852530558904,
      0.2836604764064153,
      0.2831863611936569,
      0.257236214975516,
      0.30301464597384137,
      0.29731764147679013,
      0.2947098712126414,
      0.26645108064015705,
      0.26346604029337567,
      0.2585422123471896,
      0.2995743900537491,
      0.3028934995333354,
      0.29491230348745984,
      0.3058820689717929,
      0.2959195673465729,
      0.28542685012022656,
      0.28773631155490875,
      0.30362312495708466,
      0.2722974866628647,
      0.28706127653519314,
      0.3295695980389913,
      0.2640432268381119,
      0.2853827277819316,
      0.27891162037849426,
      0.24722541868686676,
      0.3190544570485751,
      0.2870153983434041,
      0.262713722884655,
      0.3065083622932434,
      0.2419645314415296,
      0.2735013614098231,
      0.2970563769340515,
      0.30079589287439984,
      0.2429285595814387,
      0.27662408848603565,
      0.25053466359774273,
      0.2727251648902893,
      0.31283600628376007,
      0.29326436916987103,
      0.28284699221452075,
      0.2550903409719467,
      0.25359489520390827,
      0.2449011355638504,
      0.2697775637110074,
      0.2851532995700836,
      0.255983404815197,
      0.2675369878609975,
      0.23697767655054727,
      0.2407887081305186,
      0.2900002847115199,
      0.23693751295407614,
      0.24466188748677573,
      0.22410695254802704,
      0.2584560190637906,
      0.23148985331257185,
      0.20483341813087463,
      0.24001784125963846,
      0.25122440854708356,
      0.21647695203622183,
      0.24013414978981018,
      0.23120340953270593,
      0.18533156315485635,
      0.19802846511205038,
      0.18630358080069223,
      0.24546578278144202,
      0.23329215745131174,
      0.2007512003183365,
      0.19163727263609567,
      0.19897424429655075,
      0.17859162638584772,
      0.19766241808732352,
      0.18144913017749786,
      0.231988695760568,
      0.19003153840700784,
      0.16599343220392862,
      0.18954096734523773,
      0.1858018860220909,
      0.19864127039909363,
      0.2051719824473063,
      0.17985710004965463,
      0.21701167772213617,
      0.21653681000073752,
      0.1680749108393987,
      0.18040423095226288,
      0.20982356121142706,
      0.21753237644831339,
      0.18981354435284933,
      0.19809037695328394,
      0.18398422747850418,
      0.2165128911534945,
      0.22213713824748993,
      0.19530522326628366,
      0.18781906366348267,
      0.17029327402512232,
      0.17852099736531576
    ],
    "epochs": 200
  },
  "modality_importance": {
    "overall": {
      "GPS/Location": 3.0280702114105225,
      "App Usage": 3.042658567428589,
      "Communication": 2.8756165504455566,
      "Activity/Motion": 2.765345811843872
    },
    "negative_class": {
      "GPS/Location": 3.029038906097412,
      "App Usage": 3.0490903854370117,
      "Communication": 2.875591993331909,
      "Activity/Motion": 2.765413284301758
    },
    "positive_class": {
      "GPS/Location": 3.01790714263916,
      "App Usage": 2.9751222133636475,
      "Communication": 2.875873565673828,
      "Activity/Motion": 2.7646374702453613
    }
  }
}