{
  "config": {
    "modality_dims": [
      11,
      10,
      11,
      12
    ],
    "d_model": 16,
    "nhead": 4,
    "num_layers": 2,
    "dim_feedforward": 64,
    "dropout": 0.2,
    "learning_rate": 0.001,
    "weight_decay": 0.01
  },
  "modality_structure": {
    "GPS/Location": 11,
    "App Usage": 10,
    "Communication": 11,
    "Activity/Motion": 20
  },
  "cv_metrics": {
    "accuracy": 0.9130434782608695,
    "auc": 0.30357142857142855
  },
  "training_history": {
    "train_loss": [
      0.6307438413302103,
      0.5751513242721558,
      0.4995064934094747,
      0.4401782751083374,
      0.3968416253725688,
      0.3726368049780528,
      0.30464981496334076,
      0.33660686016082764,
      0.29267870386441547,
      0.32646720111370087,
      0.37317149341106415,
      0.31938840945561725,
      0.28386132170756656,
      0.3423849840958913,
      0.30270232756932575,
      0.30812634030977887,
      0.25886397063732147,
      0.3160657087961833,
      0.2838651090860367,
      0.31096934775511426,
      0.3002176880836487,
      0.3331348275144895,
      0.30136487384637195,
      0.3182540833950043,
      0.3218571295340856,
      0.30630911886692047,
      0.30641071995099384,
      0.31406302750110626,
      0.299568106730779,
      0.3168742209672928,
      0.28122827410697937,
      0.356023112932841,
      0.3786706030368805,
      0.33487969388564426,
      0.36452508966128033,
      0.3290451467037201,
      0.32819274067878723,
      0.2880109225710233,
      0.2489865521589915,
      0.31634521484375,
      0.324139138062795,
      0.3270675639311473,
      0.2981678396463394,
      0.30072321991125744,
      0.3727099696795146,
      0.31130070239305496,
      0.29828985035419464,
      0.28049364189306897,
      0.32211340963840485,
      0.3073699673016866,
      0.3108462542295456,
      0.3087155818939209,
      0.2824712246656418,
      0.3108699570099513,
      0.313089740773042,
      0.27958181003729504,
      0.3025619437297185,
      0.2761371781428655,
      0.293015718460083,
      0.2789377470811208,
      0.2974894940853119,
      0.3479281763235728,
      0.2915564825137456,
      0.28797710438569385,
      0.30142178386449814,
      0.3315649703145027,
      0.3173724214235942,
      0.27431275447209674,
      0.2868355338772138,
      0.32690419753392536,
      0.2908681109547615,
      0.33997492243846256,
      0.324711911380291,
      0.28138605256875354,
      0.30773832152287167,
      0.3219759960969289,
      0.293251171708107,
      0.3005579859018326,
      0.3390622635682424,
      0.2930951068798701,
      0.30163805683453876,
      0.31260860959688824,
      0.2894701460997264,
      0.3146074215571086,
      0.306628813346227,
      0.3060693194468816,
      0.26353997985521954,
      0.32366807262102765,
      0.29257215559482574,
      0.26748894651730853,
      0.3160657087961833,
      0.29574549198150635,
      0.3315649976332982,
      0.28490498661994934,
      0.27857835094134015,
      0.30675405263900757,
      0.31461961070696515,
      0.3155243719617526,
      0.3062181770801544,
      0.3408556282520294,
      0.30287232995033264,
      0.25231582423051196,
      0.3092046082019806,
      0.27386729170878726,
      0.32169944047927856,
      0.3188268964489301,
      0.3040933907032013,
      0.2810248484214147,
      0.32016344865163165,
      0.30704352259635925,
      0.29139842589696247,
      0.3071049749851227,
      0.3006901517510414,
      0.30173232158025104,
      0.30051906406879425,
      0.26367805898189545,
      0.3098326772451401,
      0.2964755321542422,
      0.32875820497671765,
      0.2816477417945862,
      0.2856000115474065,
      0.25394828617572784,
      0.29801827172438305,
      0.3035988410313924,
      0.2787662049134572,
      0.3103709618250529,
      0.28344426055749256,
      0.3282703657944997,
      0.269896740714709,
      0.2976798266172409,
      0.2971624235312144,
      0.273119995991389,
      0.293651615579923,
      0.28467590858538944,
      0.3088367184003194,
      0.2944255620241165,
      0.30162284274895984,
      0.31948907176653546,
      0.23901610573132834,
      0.3197967807451884,
      0.2984575430552165,
      0.29534812271595,
      0.3116031885147095,
      0.30074745168288547,
      0.27497200667858124,
      0.2939123312632243,
      0.3037172978123029,
      0.3156786412000656,
      0.3110283513863881,
      0.29075059791405994,
      0.29901694009701413,
      0.28796523809432983,
      0.32330868641535443,
      0.31612057735522586,
      0.2895265916983287,
      0.2915455947319667,
      0.3356492221355438,
      0.3051559031009674,
      0.26924652606248856,
      0.2978225698073705,
      0.33345843354860943,
      0.25286545356114704,
      0.2971089531977971,
      0.28733739256858826,
      0.2756451964378357,
      0.27562660227219266,
      0.27822859833637875,
      0.299082487821579,
      0.2712404280900955,
      0.2953566908836365,
      0.280821293592453,
      0.27517785628636676,
      0.2956015368302663,
      0.27647680044174194,
      0.2762930591901143,
      0.288747971256574,
      0.3302728682756424,
      0.27821600437164307,
      0.2833334803581238,
      0.26014556735754013,
      0.23024329791466394,
      0.28884818653265637,
      0.26398808012406033,
      0.2520346939563751,
      0.2607873280843099,
      0.22801523904005686,
      0.2134309932589531,
      0.20727496842543283,
      0.23326165725787482,
      0.26469149192174274,
      0.2073034569621086,
      0.21906478703022003,
      0.19365089138348898,
      0.22610662380854288,
      0.25013617674509686,
      0.20850550134976706,
      0.19869962334632874,
      0.21093784272670746,
      0.23515627284844717,
      0.22240947683652243
    ],
    "epochs": 200
  },
  "modality_importance": {
    "overall": {
      "GPS/Location": 2.8822290897369385,
      "App Usage": 3.0009589195251465,
      "Communication": 2.997072696685791,
      "Activity/Motion": 2.8608956336975098
    },
    "negative_class": {
      "GPS/Location": 2.8869729042053223,
      "App Usage": 3.01381516456604,
      "Communication": 2.997318744659424,
      "Activity/Motion": 2.8610236644744873
    },
    "positive_class": {
      "GPS/Location": 2.832414150238037,
      "App Usage": 2.8659653663635254,
      "Communication": 2.994487762451172,
      "Activity/Motion": 2.8595480918884277
    }
  }
}