{
  "config": {
    "input_dim": 44,
    "latent_dim": 8,
    "hidden_dims": [
      32,
      16
    ],
    "beta": 1.0,
    "dropout": 0.2,
    "batch_norm": true,
    "learning_rate": 0.001,
    "weight_decay": 0.01,
    "n_synthetic_samples": 25
  },
  "training_history": {
    "train_loss": [
      281404648106.6667,
      292495993514.6667,
      281550640469.3333,
      282459477333.3333,
      292347456170.6667,
      291892756480.0,
      281518680746.6667,
      281823728981.3333,
      292019115349.3333,
      281848845653.3333,
      282115096576.0,
      281001743701.3333,
      281778869589.3333,
      292661237077.3333,
      280799373994.6667,
      281394429952.0,
      292455912789.3333,
      280170354005.3333,
      282211292501.3333,
      292545642496.0,
      281228399957.3333,
      291716251648.0,
      293164985002.6667,
      282395912874.6667,
      281286426624.0,
      293326307328.0,
      292599414784.0,
      282486674773.3333,
      282404951381.3333,
      281217728512.0,
      280788855466.6667,
      282313981952.0,
      281384381098.6667,
      280391745536.0,
      282447790080.0,
      282620493824.0,
      282649569962.6667,
      282027070805.3333,
      280232094378.6667,
      292535336960.0,
      282901452117.3333,
      282595027626.6667,
      291491392170.6667,
      290903758165.3333,
      281399618218.6667,
      291554596181.3333,
      293466101077.3333,
      282156799317.3333,
      281928078677.3333,
      292316403029.3333,
      281350389760.0,
      282275561472.0,
      293331375445.3333,
      281211671893.3333,
      282188076373.3333,
      291097116672.0,
      292594592426.6667,
      291216790869.3333,
      291520293546.6667,
      280415731712.0,
      281422211754.6667,
      281067438080.0,
      281157839530.6667,
      281522383530.6667,
      282339901440.0,
      292730038954.6667,
      281167817386.6667,
      281603981312.0,
      292142743552.0,
      282102273365.3333,
      280377884672.0,
      280292403882.6667,
      280115336533.3333,
      281899510442.6667,
      291270923605.3333,
      280962651477.3333,
      292480658090.6667,
      278897246208.0,
      278929266005.3333,
      279219541333.3333,
      281379924650.6667,
      273181076138.66666,
      292132372480.0,
      274968439466.6667,
      282487220906.6667,
      276760947370.6667,
      290000104106.6667,
      288450494464.0,
      262383605077.33334,
      264831096149.33334,
      282128984746.6667,
      277143218858.6667,
      286949687296.0,
      260020966741.33334,
      260019546794.66666,
      270644346880.0,
      285567156224.0,
      274886432085.3333,
      259966320640.0,
      271142365866.66666,
      289371297109.3333,
      278963404800.0,
      276887562922.6667,
      278120087552.0,
      243428294656.0,
      272348413952.0,
      243351333546.66666,
      418806142293.3333,
      15554103132160.0,
      247150149632.0,
      271594411349.33334,
      308940139178.6667,
      277892885162.6667,
      273833907541.33334,
      281033069909.3333,
      243724686677.33334,
      278300988757.3333,
      283405647872.0,
      259695924565.33334,
      271489586517.33334,
      264931147776.0,
      253111582720.0,
      289472675840.0,
      271700388522.66666,
      239322267648.0,
      268001280000.0,
      269357165226.66666,
      284125194922.6667,
      281278032554.6667,
      266203714901.33334,
      252624508245.33334,
      278011243178.6667,
      242208358400.0,
      251598203562.66666,
      278154488490.6667,
      236325464746.66666,
      238221088085.33334,
      265254076416.0,
      277066017450.6667,
      252878127104.0,
      276790007125.3333,
      286364986026.6667,
      275588349952.0,
      279744850602.6667,
      283377691306.6667,
      274860807509.33334,
      275506020352.0,
      276142953813.3333,
      240482030933.33334,
      253830676480.0,
      267688525824.0,
      267042084181.33334,
      235391746048.0,
      244474178218.66666,
      271194019157.33334,
      276821901312.0,
      258565106346.66666,
      286672917845.3333,
      248354198869.33334,
      259853866325.33334,
      234006719146.66666,
      288480706560.0,
      244438106112.0,
      287270955690.6667,
      277022108330.6667,
      269632208896.0,
      268422168576.0,
      271749884586.66666,
      261111250944.0,
      300715606016.0,
      251630092288.0,
      249076094293.33334,
      257336710485.33334,
      262576674133.33334,
      265535122090.66666,
      265583482197.33334,
      248304145749.33334,
      274896120490.6667,
      232985635498.66666,
      240784987477.33334,
      275464186538.6667,
      274510457514.66666,
      268033540096.0,
      240147507882.66666,
      268326409557.33334,
      238787543040.0,
      274237674837.33334,
      273455322453.33334,
      274974053717.3333,
      1334210898602.6667,
      249487392768.0,
      244842823680.0,
      285807127210.6667,
      277086475605.3333,
      282011506005.3333,
      266248907434.66666,
      285538855594.6667,
      231022717610.66666,
      265925061290.66666,
      282995299669.3333
    ],
    "epochs_trained": 200
  },
  "reconstruction_error": {
    "overall_mean": 2482536710144.0,
    "overall_std": 16625913823232.0,
    "negative_mean": 2718586372096.0,
    "negative_std": 17381196824576.0,
    "positive_mean": 4016275968.0,
    "positive_std": 1494073216.0,
    "mann_whitney_u": 82.0,
    "p_value": 0.9550387596899225
  },
  "synthetic_generation": {
    "n_samples": 25,
    "save_path": "data/processed/features/vae_synthetic_samples.parquet"
  }
}