{
  "config": {
    "input_dim": 44,
    "latent_dim": 8,
    "hidden_dims": [
      32,
      16
    ],
    "beta": 1.0,
    "dropout": 0.2,
    "batch_norm": true,
    "learning_rate": 0.001,
    "weight_decay": 0.01,
    "n_synthetic_samples": 25
  },
  "training_history": {
    "train_loss": [
      281595270485.3333,
      281059016704.0,
      281392136192.0,
      290975629312.0,
      282431771989.3333,
      281118168405.3333,
      281569460224.0,
      281526512298.6667,
      291361903957.3333,
      292016002389.3333,
      280502894592.0,
      281258426368.0,
      291726671872.0,
      281701946709.3333,
      281724523861.3333,
      281663302314.6667,
      280723450538.6667,
      280054743040.0,
      280822327978.6667,
      291035643904.0,
      281994728789.3333,
      280452153344.0,
      291978575872.0,
      293212061696.0,
      281824979626.6667,
      281949443413.3333,
      283369373696.0,
      281594565973.3333,
      280322353834.6667,
      292564369408.0,
      292475688277.3333,
      292004915882.6667,
      281919646378.6667,
      283047641088.0,
      281918898176.0,
      281649070080.0,
      292219841194.6667,
      281458070869.3333,
      281030934528.0,
      292483377834.6667,
      282032319146.6667,
      281087830698.6667,
      281341935616.0,
      291606877525.3333,
      291796129109.3333,
      282233137834.6667,
      282070504789.3333,
      280950237866.6667,
      281186757290.6667,
      292826245802.6667,
      292013845162.6667,
      281634400938.6667,
      281572720640.0,
      280776425472.0,
      281556374869.3333,
      291793480362.6667,
      280730135210.6667,
      282210757290.6667,
      281472472405.3333,
      291891249152.0,
      281251523242.6667,
      280938736298.6667,
      280992295594.6667,
      281007969621.3333,
      280606670848.0,
      290545593002.6667,
      293059641344.0,
      281497113941.3333,
      291062753962.6667,
      281537123669.3333,
      278239204693.3333,
      279029224789.3333,
      266223195477.33334,
      280585251498.6667,
      277497195178.6667,
      279675595434.6667,
      280151037269.3333,
      290914233002.6667,
      290616273578.6667,
      290805557930.6667,
      290715342165.3333,
      276701386069.3333,
      269752161621.33334,
      260530257920.0,
      279462778197.3333,
      270128649557.33334,
      277654241280.0,
      279053047125.3333,
      271451362645.33334,
      272437018624.0,
      270007336960.0,
      276177862656.0,
      286107156480.0,
      258416792917.33334,
      380545723050.6667,
      280528754005.3333,
      257260229973.33334,
      262339007829.33334,
      282549840554.6667,
      278849077248.0,
      292441533098.6667,
      266442080256.0,
      278328994474.6667,
      265345149610.66666,
      308374241280.0,
      289820540928.0,
      280909873152.0,
      275498795008.0,
      266020066645.33334,
      278109612714.6667,
      271618506752.0,
      279344573098.6667,
      290663251968.0,
      273098670080.0,
      280493566634.6667,
      291085626026.6667,
      280845139968.0,
      290370781184.0,
      290023653376.0,
      278167366314.6667,
      286822907904.0,
      274305657514.66666,
      275473913173.3333,
      272781541376.0,
      264395270826.66666,
      281735184384.0,
      255584359765.33334,
      263592711509.33334,
      280370124117.3333,
      280093556736.0,
      275491482282.6667,
      251694885546.66666,
      278690518357.3333,
      259623441749.33334,
      256601544021.33334,
      267464720384.0,
      276660054698.6667,
      279677211989.3333,
      278042039637.3333,
      288268320768.0,
      262154518528.0,
      274821403989.33334,
      279595412138.6667,
      291204459178.6667,
      266614860458.66666,
      274162860032.0,
      262453892437.33334,
      282336242346.6667,
      264722590378.66666,
      240235582805.33334,
      272381640704.0,
      273197334528.0,
      283825427797.3333,
      271430052522.66666,
      273227999914.66666,
      269416142165.33334,
      274139774976.0,
      252132354730.66666,
      279527795370.6667,
      273908471125.33334,
      243135326890.66666,
      284171823786.6667,
      262728504661.33334,
      264978497536.0,
      286637495637.3333,
      269859225600.0,
      278817467050.6667,
      261728135850.66666,
      289770050901.3333,
      280438751232.0,
      271227513514.66666,
      265517689514.66666,
      250567420586.66666,
      241132142592.0,
      248826216448.0,
      283729526784.0,
      271583608832.0,
      265840263168.0,
      283057580714.6667,
      245865676800.0,
      380959828650.6667,
      242250782037.33334,
      253467820032.0,
      444243902464.0,
      252124910933.33334,
      254552768512.0,
      234685688490.66666,
      261935311530.66666,
      278449848320.0,
      263374766080.0,
      267363139584.0,
      241759791786.66666,
      270986679637.33334,
      278537475413.3333,
      282961575936.0,
      244182537557.33334,
      277824869717.3333,
      260773178026.66666,
      253675033941.33334,
      263535236437.33334
    ],
    "epochs_trained": 200
  },
  "reconstruction_error": {
    "overall_mean": 25209442664448.0,
    "overall_std": 169083450425344.0,
    "negative_mean": 27609970769920.0,
    "negative_std": 176764613558272.0,
    "positive_mean": 3907377408.0,
    "positive_std": 1464065536.0,
    "mann_whitney_u": 82.0,
    "p_value": 0.9550387596899225
  },
  "synthetic_generation": {
    "n_samples": 25,
    "save_path": "data/processed/features/vae_synthetic_samples.parquet"
  }
}