Outcome,N,R2_2_best_items,R2_3_best_items,R2_neuroticism_only,R2_full_big5,R2_all_44_items,R2_sensing_PCA,R2_sensing_raw28,Best_2_items,Best_3_items
CES-D,498,0.357911433678856,0.36616421129383653,0.25825212038330553,0.27879489818441305,0.3280947116853433,-0.010894186874760603,-0.1617326980008608,bfi_4; bfi_24,bfi_4; bfi_24
STAI,498,0.46964187665193796,0.5273609047000944,0.4773543330044241,0.522189873186611,0.5591307817675264,0.00198960610083764,-0.10111000150444836,bfi_4; bfi_19,bfi_4; bfi_19; bfi_24
BAI,498,0.14282951041585978,0.1735577598198541,0.16528290709103202,0.1757105058987091,0.10909699997658968,-0.034839823977406495,-0.10514498677291298,bfi_19; bfi_4,bfi_19; bfi_4; bfi_24
