Outcome,N,R2_autoregressive,R2_auto_plus_pers,R2_auto_plus_beh,R2_auto_plus_both,R2_pers_predict_change,R2_beh_predict_change
BDI-II,563,0.5168797965050698,0.5154827483735693,0.5300893899074414,0.5365259300969369,-0.015366833361296451,-0.01966274823899232
STAI,571,0.5892656637675127,0.5916158001618979,0.5871610212662405,0.6016005657379262,-0.026153775642658375,-0.03620672414676852
PSS-10,744,0.437270475051134,0.4416959119835437,0.4555740193038179,0.46227442645662065,-0.025163179480755152,-0.020002156715025442
CESD,746,0.3765472219574166,0.3834157106504268,0.35271804596433376,0.3687505892844704,-0.024646822805803197,-0.015274532996421826
UCLA,745,0.4931000882649997,0.4873391330308945,0.4899823723328877,0.49015925011509,-0.02454320063937863,-0.028395434048877777
