Study,Outcome,N,R2_personality,R2_sensing_original,R2_sensing_residual
S2,CES-D,363,0.3324038250361566,-0.010894186874760603,-0.02522486598131761
S2,STAI,363,0.5541370269338979,0.0019896061008376443,-0.03292288916698767
S2,BAI,363,0.22774110116247115,-0.03483982397740647,-0.04666085479996854
S3,BDI-II,588,0.11626287724581974,0.01387590280956728,-0.0006311038677252912
S3,STAI,593,0.20143980361523317,-0.004570297642170251,-0.01282681788584894
S3,PSS-10,594,0.1503818407336882,-0.01026676662030376,-0.0161388393206835
S3,CESD,594,0.08616641815139303,-0.013896785072848038,-0.028413637950040052
S3,UCLA,592,0.09067503944421518,-0.02013106149845991,-0.020048828468140698
