N,R2_conscientiousness,R2_personality,R2_sensing,R2_combined
220,0.023633317994897127,0.002325270362565508,-0.04416676157531329,-0.02765388842052452
