N_obs,N_persons,R2_sensing_pooled,R2_personality_pooled,R2_combined_pooled,R2_within_person_centered
3149,455,0.010797968325865548,0.07202703695313183,0.08174263637160459,-0.002654959555984826
