Study,Outcome,AUC_pers,AUC_both,Delta_AUC,z_stat,p_value
S2,CES-D≥16,0.8283554435633291,0.8233899058771215,-0.004965537686207666,-0.20760807476361176,0.8355349989889247
S2,STAI≥45,0.8575410097149226,0.8445214206083771,-0.013019589106545548,-0.5516653124103761,0.5811776797198409
S3,BDI-II≥14,0.6516025641025641,0.6427706552706551,-0.008831908831908986,-0.4211573980291349,0.6736401507609822
S3,BDI-II≥20,0.6660372791091745,0.6758169934640523,0.009779714354877789,0.392274085657995,0.6948557090016994
S3,PSS≥20,0.6785609015055324,0.6969662615635769,0.018405360058044495,0.9513148647266403,0.34144456332508355
