Outcome,N,R2_2_best_items,R2_3_best_items,R2_neuroticism_only,R2_full_big5,R2_all_44_items,R2_sensing_PCA,R2_sensing_raw28,Best_2_items,Best_3_items
CES-D,498,0.357911433678856,0.37345646170292895,0.2582521203833056,0.27879489818441305,0.3280947116853433,-0.010894186874760603,-0.16173269800086096,bfi_4; bfi_24,bfi_4; bfi_24; bfi_19
STAI,498,0.5069764700274619,0.5292769028439624,0.47735433300442415,0.522189873186611,0.5591307817675264,0.0019896061008376443,-0.1011100015044483,bfi_4; bfi_19,bfi_4; bfi_19; bfi_24
BAI,498,0.16503738219635786,0.17355775981985397,0.16528290709103202,0.17571050589870915,0.10909699997658982,-0.03483982397740647,-0.10514498677291298,bfi_4; bfi_19,bfi_4; bfi_19; bfi_24
