Feature,N_persons,Mean_within_r,Median_within_r,SD_within_r,N_strong_r,Pct_strong
steps,64,-0.0016540003301745865,-0.06342598877232072,0.4013904428945327,18,0.28125
sleep_dur,10,-0.09765968636919771,-0.10273643904019539,0.27585430523640225,2,0.2
sleep_eff,10,0.12500036401012543,0.3003381290468888,0.4483805734306076,4,0.4
screen_dur,13,-0.0021761846182242793,-0.1979386357893933,0.49078389209315726,3,0.23076923076923078
calls_in,99,0.08550048718557092,0.14720667266916254,0.41016774126260175,25,0.25252525252525254
hometime,85,0.1336642416039382,0.17391090779121932,0.40842490104695417,22,0.25882352941176473
