Trait,S1_r,S1_p,S1_ci_lo,S1_ci_hi,S1_N,S2_r,S2_p,S2_ci_lo,S2_ci_hi,S2_N,Fisher_z,Fisher_p,same_direction,within_CI,S2_sig,replicated
extraversion,0.18460121404523377,0.35664130083995005,-0.3043772627574293,0.53409807981769,27,-0.07819440302041447,0.24810164410675975,-0.228542329034996,0.07301988877743469,220,1.2323409154784701,0.2178217618780569,False,True,False,False
agreeableness,0.18926403842045925,0.344407257544934,-0.07241756634665779,0.5467039672881956,27,0.04270941423635026,0.5285887088487715,-0.09624278662234861,0.17724622132340512,220,0.691897553184351,0.4890016673409576,True,True,False,True
conscientiousness,0.5515551767783632,0.0028614741664564603,0.12729746131381617,0.8213697625791088,27,0.263145737238174,7.79225906402188e-05,0.1385933809278637,0.37502576921398073,220,1.6322739922981664,0.1026217795025024,True,True,True,True
neuroticism,-0.4442376075255659,0.020263665621565063,-0.6869320859749387,-0.10048431101585445,27,-0.051034523418736974,0.45136396408915286,-0.16166214120769187,0.058898053890289785,220,-1.9822736932989744,0.04744861666273992,True,False,False,False
openness,-0.03956951759707138,0.8446442190446737,-0.36220013913966415,0.30027394116546013,27,-0.0658696647359456,0.3308039106080442,-0.19361667935554483,0.06328573551399426,220,0.12260813004867664,0.9024174161755447,True,True,False,True
