Feature,Coefficient,Boot_Mean,Boot_SD,CI_lo,CI_hi,Selection_Freq,Significant
conscientiousness,0.1309323350834277,0.1245896447092224,0.06776663757167263,0.0,0.2550492858975034,0.9549,False
neuroticism,-0.07262276522485567,-0.060159846099956255,0.05117431925219482,-0.1734504813440066,0.0,0.8226,False
extraversion,0.0,-0.00017654073225566283,0.02535217077447297,-0.06595980178736494,0.05786951041143047,0.2789,False
agreeableness,0.0,0.011425858870545424,0.024226640401069,0.0,0.08497260902552467,0.3348,False
openness,0.0,-0.0008937185522661442,0.014836804166983733,-0.039266495496905335,0.0297153251742822,0.2152,False
