Profile,n,extraversion,agreeableness,conscientiousness,neuroticism,openness,mobility_pc1,digital_pc1,social_pc1,activity_pc1,screen_pc1,proximity_pc1,face2face_pc1,audio_pc1
0,6,-0.9960679805407578,-1.1175142357634191,-0.40441849863533247,1.253517072858126,0.1307332572336417,-0.6649822946872922,0.7033228908442508,-0.5654444922448921,-0.3180220094226675,-0.10265881459132464,-0.1662049476754072,-0.1292395914631923,0.9666209833407907
1,6,0.43597863685010796,0.6043079698829358,-0.06631418030934787,-0.9342802482283695,-0.3956401205755003,0.4682121180012806,-0.36734144940277574,-0.4534412667714062,0.35753700716424097,-0.43060118426394095,0.5837730194109737,0.6411226500730196,-1.279864025201828
2,8,0.19253071189366083,0.4403249026785211,0.40115179024570924,-0.28453080286954896,-0.07052715192867748,-0.47099470873218063,-0.5750113795769822,-0.6511222795221404,-0.4546295759879506,-0.6578627430477175,-0.4843944839104546,-0.2900716536957584,0.3814455818183983
3,7,0.2600414809992302,-0.06333737516361006,-0.054974035471084974,0.051546496453979004,0.30766548506864755,0.7069398185676449,0.3691717697095726,1.6174703986107022,0.48570666020773773,1.208923133930476,0.19567820583860568,-0.10724644601327094,-0.16744377191156623
