{
  "n_folds": 5,
  "modalities": [
    "gps",
    "phone",
    "activity",
    "social"
  ],
  "metrics": {
    "mse": {
      "mean": 24.25208797454834,
      "std": 13.582638975839618,
      "values": [
        11.539411544799805,
        19.461647033691406,
        48.896663665771484,
        13.434821128845215,
        27.92789649963379
      ]
    },
    "mae": {
      "mean": 3.2954619407653807,
      "std": 0.8646299451701761,
      "values": [
        2.1719861030578613,
        2.9629504680633545,
        4.350141525268555,
        2.7305147647857666,
        4.261716842651367
      ]
    },
    "r2": {
      "mean": -0.2677454471588135,
      "std": 0.31102026289570556,
      "values": [
        -0.11384284496307373,
        -0.1227872371673584,
        -0.22924578189849854,
        -0.0002027750015258789,
        -0.8726485967636108
      ]
    },
    "accuracy": {
      "mean": 0.8266666666666665,
      "std": 0.05144816401240097,
      "values": [
        0.8,
        0.7777777777777778,
        0.7777777777777778,
        0.8888888888888888,
        0.8888888888888888
      ]
    },
    "f1": {
      "mean": 0.0,
      "std": 0.0,
      "values": [
        0.0,
        0.0,
        0.0,
        0.0,
        0.0
      ]
    },
    "auc": {
      "mean": 0.27321428571428574,
      "std": 0.1754731213791178,
      "values": [
        0.5625,
        0.07142857142857145,
        0.35714285714285715,
        0.25,
        0.125
      ]
    }
  },
  "best_fold_mse": 11.539411544799805
}