Outcome,F,p,k,N
cesd_total,1.3299210311272145,0.26579443493723165,3,365
loneliness_total,2.364669804154409,0.095438605451774,3,365
stai_trait_total,1.8453602836349077,0.15945952932339894,3,365
bai_total,0.2849154825354921,0.752247242611028,3,365
