Model,N,R2_kfold,R2_kfold_std,R2_kfold_ci_lo,R2_kfold_ci_hi,p_perm
Elastic Net,220,-0.022925911712223055,0.19866623105736778,-0.6214557913683808,0.15516211563022436,0.04477611940298507
Ridge,220,-0.03427079981044674,0.18726805775648267,-0.5870721663946166,0.11088212920667435,0.15920398009950248
Random Forest,220,-0.053457312585765,0.20629132250243373,-0.6758404695558176,0.15824522443439232,0.15422885572139303
SVR,220,0.02742994076729593,0.16596537329702435,-0.42870823231772925,0.1802685130651914,0.004975124378109453
