Model,extraversion,agreeableness,conscientiousness,neuroticism,openness
Elastic Net,1.3184612471827062,0.2598999407263511,1.1386284958994048,4.567203191609931,0.21514464848380999
Ridge,1.3264334047669633,0.2688261267535009,1.1422649274361234,4.561273892107525,0.2257596503694666
Random Forest,1.0570553064312205,0.3577931434356464,1.0620260001820916,4.700204985434473,0.16741376481216802
SVR,1.101936438149297,0.6432264833171101,1.2924665785155363,4.370474704621104,0.51976413950056
